realgdp,realcons,realinv
2710.349,1707.400,286.898
2778.801,1733.700,310.859
2775.488,1751.800,289.226
2785.204,1753.700,299.356
2847.699,1770.500,331.722
2834.390,1792.900,298.152
2839.022,1785.800,296.375
2802.616,1788.200,259.764
2819.264,1787.700,266.405
2872.005,1814.300,286.246
2918.419,1823.100,310.227
2977.830,1859.600,315.463
3031.241,1879.400,334.271
3064.709,1902.500,331.039
3093.047,1917.900,336.962
3100.563,1945.100,325.650
3141.087,1958.200,343.721
3180.447,1976.900,348.730
3240.332,2003.800,360.102
3264.967,2020.600,364.534
3338.246,2060.500,379.523
3376.587,2096.700,377.778
3422.469,2135.200,386.754
3431.957,2141.200,389.910
3516.251,2188.800,429.145
3563.960,2213.000,429.119
3636.285,2251.000,444.444
3724.014,2314.300,446.493
3815.423,2348.500,484.244
3828.124,2354.500,475.408
3853.301,2381.500,470.697
3884.520,2391.400,472.957
3918.740,2405.300,460.007
3919.556,2438.100,440.393
3950.826,2450.600,453.033
3980.970,2465.700,462.834
4063.013,2524.600,472.907
4131.998,2563.300,492.026
4160.267,2611.500,476.053
4178.293,2623.500,480.998
4244.100,2652.900,512.686
4256.460,2669.800,508.601
4283.378,2682.700,520.360
4263.261,2704.100,492.334
4256.573,2720.700,476.925
4264.289,2733.200,478.419
4302.259,2757.100,486.594
4256.637,2749.600,458.406
4374.016,2802.200,517.935
4398.829,2827.900,533.986
4433.943,2850.400,541.010
4446.264,2897.800,524.085
4525.769,2936.500,561.147
4633.101,2992.600,595.495
4677.503,3038.800,603.970
4754.546,3110.100,607.104
4876.166,3167.000,645.654
4932.571,3165.400,675.837
4906.252,3176.700,649.412
4953.050,3167.400,674.253
4909.617,3139.700,631.230
4922.188,3150.600,628.102
4873.520,3163.600,592.672
4854.340,3117.300,598.306
4795.295,3143.400,493.212
4831.942,3195.800,476.085
4913.328,3241.400,516.402
4977.511,3275.700,530.596
5090.663,3341.200,585.541
5128.947,3371.800,610.513
5154.072,3407.500,611.646
5191.499,3451.800,615.898
5251.762,3491.300,646.198
5356.131,3510.600,696.141
5451.921,3544.100,734.078
5450.793,3597.500,713.356
5469.405,3618.500,727.504
5684.569,3695.900,777.454
5740.300,3711.400,801.452
5816.222,3741.300,819.689
5825.949,3760.200,819.556
5831.418,3758.000,817.660
5873.335,3794.900,801.742
5889.495,3805.000,786.817
5908.467,3798.400,781.114
5787.373,3712.200,710.640
5776.617,3752.000,656.477
5883.460,3802.000,723.220
6005.717,3822.800,795.091
5957.795,3822.800,757.240
6030.184,3838.300,804.242
5955.062,3809.300,773.053
5857.333,3833.900,692.514
5889.074,3847.700,691.900
5866.370,3877.200,683.825
5871.001,3947.900,622.930
5944.020,3986.600,645.110
6077.619,4065.700,707.372
6197.468,4137.600,754.937
6325.574,4203.200,834.427
6448.264,4239.200,921.763
6559.594,4299.900,952.841
6623.343,4333.000,974.989
6677.264,4390.100,958.993
6740.275,4464.600,927.375
6797.344,4505.200,943.383
6903.523,4590.800,932.959
6955.918,4600.900,969.434
7022.757,4639.300,967.442
7050.969,4688.700,945.972
7118.950,4770.700,916.315
7153.359,4799.400,917.736
7193.019,4792.100,945.776
7269.510,4856.300,947.100
7332.558,4910.400,948.055
7458.022,4922.200,1021.980
7496.600,5004.400,964.398
7592.881,5040.800,987.858
7632.082,5080.600,994.204
7733.991,5140.400,1007.371
7806.603,5159.300,1045.975
7865.016,5182.400,1033.753
7927.393,5236.100,1021.604
7944.697,5261.700,1011.119
8027.693,5303.300,1021.070
8059.598,5320.800,1021.360
8059.476,5341.000,997.319
7988.864,5299.500,934.248
7950.164,5284.400,896.210
8003.822,5324.700,891.704
8037.538,5345.000,913.904
8069.046,5342.600,948.891
8157.616,5434.500,927.796
8244.294,5466.700,988.912
8329.361,5527.100,999.135
8417.016,5594.600,1030.758
8432.485,5617.200,1054.979
8486.435,5671.100,1063.263
8531.108,5732.700,1062.514
8643.769,5783.700,1118.583
8727.919,5848.100,1166.845
8847.303,5891.500,1234.855
8904.289,5938.700,1212.655
9003.180,5997.300,1269.190
9025.267,6004.300,1282.090
9044.668,6053.500,1247.610
9120.684,6107.600,1235.601
9184.275,6150.600,1270.392
9247.188,6206.900,1287.128
9407.052,6277.100,1353.795
9488.879,6314.600,1422.059
9592.458,6366.100,1418.193
9666.235,6430.200,1451.304
9809.551,6456.200,1543.976
9932.672,6566.000,1571.426
10008.874,6641.100,1596.523
10103.425,6707.200,1672.732
10194.277,6822.600,1652.716
10328.787,6913.100,1700.071
10507.575,7019.100,1754.743
10601.179,7088.300,1809.993
10684.049,7199.900,1803.674
10819.914,7286.400,1848.949
11014.254,7389.200,1914.567
11043.044,7501.300,1887.836
11258.454,7571.800,2018.529
11267.867,7645.900,1986.956
11334.544,7713.500,1987.845
11297.171,7744.300,1882.691
11371.251,7773.500,1876.650
11340.075,7807.700,1837.074
11380.128,7930.000,1731.189
11477.868,7957.300,1789.327
11538.770,7997.800,1810.779
11596.430,8052.000,1814.531
11598.824,8080.600,1813.219
11645.819,8122.300,1813.141
11738.706,8197.800,1823.698
11935.461,8312.100,1889.883
12042.817,8358.000,1959.783
12127.623,8437.600,1970.015
12213.818,8483.200,2055.580
12303.533,8555.800,2082.231
12410.282,8654.200,2125.152
12534.113,8719.000,2170.299
12587.535,8802.900,2131.468
12683.153,8865.600,2154.949
12748.699,8888.500,2232.193
12915.938,8986.600,2264.721
12962.462,9035.000,2261.247
12965.916,9090.700,2229.636
13060.679,9181.600,2165.966
13099.901,9265.100,2132.609
13203.977,9291.500,2162.214
13321.109,9335.600,2166.491
13391.249,9363.600,2123.426
13366.865,9349.600,2082.886
13415.266,9351.000,2026.518
13324.600,9267.700,1990.693
13141.920,9195.300,1857.661
12925.410,9209.200,1558.494
12901.504,9189.000,1456.678
12990.341,9256.000,1486.398
